id,group,first_name,age,score,signup_date
1,yellow,Zoe,21,69.16,2024-12-23
2,green,Ivy,,43.14,2024-10-23
3,red,Wyatt,34,,2025-03-09
4,green,Mia,22,26.54,2023-06-21
5,,Ava,44,11.45,2023-04-19
6,yellow,Lucas,72,63.22,2024-03-23
7,red,Chloe,62,42.14,2024-11-26
8,green,Zoe,23,57.56,2025-08-24
9,yellow,Logan,79,56.42,2024-12-27
10,yellow,Jack,30,95.75,2024-04-22
11,red,Emma,76,6.09,2025-06-18
12,blue,Ivy,59,37.10,2025-01-04
13,green,Lucas,50,46.47,2024-11-15
14,yellow,Owen,66,21.94,2023-05-29
15,yellow,Logan,33,63.66,2023-09-26
16,green,Aria,22,18.39,2023-08-04
17,green,Ethan,,64.35,2024-12-04
18,red,Leah,77,59.29,2025-02-18
19,blue,Chloe,31,14.93,2023-06-06
20,green,Hazel,76,45.83,2025-08-04
21,blue,Levi,39,42.89,2023-03-02
22,,Grace,54,8.17,2023-10-27
23,green,Henry,48,79.63,2024-10-07
24,green,Noah,79,94.61,2023-02-19
25,red,Maria,69,,2025-02-24
26,green,Maria,49,87.21,2024-04-30
27,,Owen,42,76.79,2023-04-18
28,,Elijah,23,82.68,2025-09-14
29,yellow,Maria,43,97.50,2023-01-01
30,green,Ethan,39,5.19,2023-09-26
31,green,Elijah,60,49.95,2024-09-27
32,red,Caleb,47,36.58,2024-09-20
33,green,Maria,63,72.61,2025-02-27
34,blue,Mia,71,92.38,2023-10-22
35,green,Mia,24,36.39,2023-05-17
36,green,Leah,21,20.07,2025-08-09
37,blue,Liam,49,30.23,2024-06-30
38,yellow,James,78,63.01,2025-07-04
39,red,Chloe,56,76.89,2023-08-06
40,blue,Elijah,79,83.09,2023-08-14
41,red,James,43,60.92,2024-05-25
42,yellow,Aiden,62,60.35,2024-08-28
43,,Sofia,56,53.22,2024-11-19
44,blue,Wyatt,37,96.95,2025-04-04
45,red,Hazel,72,14.50,2024-12-09
46,green,Ruby,22,14.90,2023-12-17
47,red,Elijah,35,43.74,2024-08-08
48,green,Noah,62,39.30,2024-07-29
49,green,Nora,75,91.11,2023-05-04
50,yellow,Ruby,,75.22,2024-02-07
51,red,Owen,48,14.62,2024-03-15
52,red,Liam,31,87.51,2024-05-08
53,yellow,James,67,94.31,2024-04-26
54,blue,Caleb,33,36.75,2023-06-29
55,red,Hazel,39,28.64,2025-03-09
56,red,Zoe,36,88.21,2023-11-01
57,yellow,Owen,62,92.92,2025-01-10
58,yellow,James,76,45.14,2024-08-05
59,yellow,Ethan,70,17.70,2023-12-13
60,yellow,Mia,38,91.31,2025-09-17
61,green,Emma,30,46.12,2023-10-12
62,yellow,James,23,68.80,2023-01-31
63,red,Owen,20,90.87,2023-07-21
64,red,Zoe,26,5.91,2025-04-23
65,red,Hazel,64,9.72,2023-10-04
66,yellow,Ivy,61,7.53,2024-06-10
67,blue,Chloe,65,,2024-07-27
68,red,Olivia,43,51.69,2024-05-10
69,blue,Noah,25,51.35,2025-05-05
70,green,Wyatt,50,97.11,2024-05-25
71,blue,Emma,43,42.13,2024-04-30
72,red,Henry,35,34.02,2025-01-23
73,yellow,Elijah,71,37.43,2024-02-05
74,blue,Olivia,60,28.95,2023-08-07
75,yellow,Maria,46,43.25,2025-06-11
76,yellow,Caleb,64,0.35,2024-01-13
77,yellow,Nora,30,46.48,2025-03-16
78,blue,Ethan,37,42.53,2025-09-18
79,green,Emma,54,95.38,2024-10-12
80,blue,Mia,71,1.77,2023-10-26
81,red,Owen,18,93.90,2025-01-13
82,blue,Ivy,48,5.82,2024-05-06
83,yellow,Owen,37,91.83,2025-08-11
84,red,Caleb,46,97.95,2023-05-07
85,red,Chloe,64,60.60,2023-02-15
86,green,Henry,42,67.72,2023-12-31
87,blue,Emma,50,49.37,2024-07-07
88,blue,James,21,51.60,2024-12-28
89,green,Noah,79,37.12,2023-03-08
90,blue,Ava,70,14.48,2023-08-28
91,blue,Chloe,19,48.71,2024-06-08
92,green,Ava,20,77.75,2023-12-26
93,blue,Liam,42,44.66,2024-12-24
94,blue,Henry,53,89.64,2024-04-18
95,yellow,Jack,47,45.67,2024-08-13
96,green,Caleb,50,8.11,2023-03-15
97,blue,Olivia,74,96.94,2024-05-24
98,blue,Nora,39,16.52,2023-03-07
99,yellow,Sofia,72,44.57,2023-04-23
100,red,Mia,40,8.49,2025-05-21
101,green,Chloe,77,62.14,2024-01-18
102,blue,Wyatt,19,47.76,2023-11-19
103,red,Ivy,51,31.39,2024-10-08
104,red,Grace,65,71.44,2025-01-27
105,green,Olivia,73,52.65,2025-09-01
106,blue,Aiden,18,30.83,2024-03-29
107,blue,Maria,56,72.97,2025-05-18
108,red,Lucas,78,32.85,2025-07-24
109,green,Nora,80,,2023-07-14
110,blue,Logan,23,93.87,2024-04-20
111,red,Liam,31,86.63,2024-11-09
112,blue,Olivia,54,27.22,2024-05-12
113,green,Logan,43,50.83,2023-10-19
114,yellow,Ivy,65,42.23,2023-03-28
115,blue,Aria,,50.53,2025-07-24
116,green,Owen,64,86.91,2025-03-12
117,red,Owen,46,22.01,2025-04-12
118,blue,Chloe,49,93.94,2023-09-17
119,green,Elijah,61,83.09,2023-10-17
120,red,Emma,,54.13,2024-12-11
121,,Henry,49,75.65,2024-09-04
122,blue,Noah,51,9.98,2023-01-30
123,green,James,31,73.82,2024-09-11
124,yellow,Levi,70,77.40,2025-02-25
125,red,Ivy,46,2.30,2023-09-18
126,red,Zoe,55,28.73,2023-12-17
127,blue,Logan,20,49.12,2023-11-26
128,yellow,Zoe,78,21.30,2023-09-15
129,green,Elijah,55,81.61,2025-01-01
130,green,Ethan,59,32.17,2024-01-26
131,blue,Chloe,52,,2024-03-07
132,green,James,59,,2025-01-18
133,blue,Ruby,32,53.10,2023-02-08
134,,Liam,49,41.17,2024-11-23
135,blue,Sofia,54,17.75,2023-03-21
136,red,Leah,21,88.04,2023-02-04
137,green,Lucas,76,85.85,2025-04-14
138,yellow,Henry,44,29.93,2023-02-03
139,red,Logan,69,83.74,2025-08-04
140,red,Caleb,42,2.40,2024-07-13
141,yellow,Ethan,54,51.29,2025-02-24
142,yellow,Grace,,9.15,2023-03-06
143,blue,Noah,27,67.82,2023-10-17
144,red,Jack,52,64.78,2023-10-20
145,blue,Elijah,38,,2025-05-18
146,yellow,Aria,20,89.72,2023-07-10
147,blue,Lucas,73,90.25,2024-07-01
148,yellow,Owen,58,88.02,2024-09-04
149,blue,Ava,62,7.16,2024-09-16
150,red,Leah,48,46.04,2024-08-24
151,green,Elijah,34,15.38,2024-02-03
152,red,Lucas,50,90.52,2025-09-01
153,yellow,Logan,18,96.16,2023-03-16
154,yellow,Henry,35,47.96,2024-01-12
155,green,Mason,30,64.56,2025-04-28
156,green,James,79,30.16,2023-04-02
157,yellow,Lucas,66,56.99,2025-02-15
158,red,Leah,58,68.01,2024-10-02
159,red,Leah,21,60.28,2025-03-19
160,green,Caleb,51,66.84,2023-07-30
161,yellow,Mason,31,16.43,2024-05-04
162,red,Hazel,69,28.36,2025-07-22
163,blue,Sofia,31,83.00,2023-11-20
164,red,Wyatt,53,20.97,2023-02-23
165,blue,Levi,56,43.22,2023-06-30
166,yellow,Leah,22,50.27,2023-09-27
167,green,Nora,72,48.82,2024-09-08
168,blue,Noah,21,12.81,2025-09-15
169,red,Sofia,25,62.65,2023-06-13
170,red,Ethan,76,42.82,2023-07-31
171,blue,Maria,22,73.45,2024-06-01
172,red,Ruby,36,1.19,2024-07-01
173,blue,Caleb,22,28.05,2025-01-27
174,green,Nora,23,50.64,2023-01-14
175,green,Mia,,89.05,2024-10-18
176,yellow,Ethan,23,51.52,2024-09-30
177,yellow,Henry,68,73.08,2023-08-20
178,yellow,Wyatt,24,98.58,2025-09-22
179,green,Wyatt,28,,2025-06-29
180,red,Ava,29,28.04,2024-02-18
181,blue,Henry,41,49.92,2023-03-26
182,red,James,66,76.02,2024-06-10
183,red,Henry,59,71.27,2023-05-27
184,green,Levi,58,19.68,2024-02-02
185,green,Wyatt,69,91.00,2023-07-17
186,red,Aria,24,46.30,2023-05-13
187,blue,Liam,54,64.67,2025-01-03
188,yellow,Wyatt,79,56.64,2024-12-16
189,yellow,Hazel,76,68.05,2024-09-11
190,red,Zoe,28,43.43,2025-06-16
191,,Ruby,59,13.72,2025-01-11
192,blue,Zoe,20,71.78,2024-12-24
193,yellow,Emma,41,,2023-12-03
194,green,Mason,46,,2024-07-06
195,red,Aria,,36.74,2024-04-04
196,blue,Ava,55,18.82,2023-10-10
197,red,Aria,36,48.80,2023-01-14
198,green,James,23,,2023-03-02
199,red,Olivia,43,46.43,2025-06-25
200,green,Henry,47,33.76,2023-02-23
